asteroid_id,name,close_approach_date,miss_distance_km,miss_distance_lunar,miss_distance_astronomical,relative_velocity_kms,relative_velocity_kmh,diameter_min_km,diameter_max_km,diameter_avg_km,estimated_volume_km3,is_potentially_hazardous,threat_level,size_category,risk_score,days_until_approach
2024001,(2024) AA1,2026-03-09 12:55:38.070567,284147.08,0.7392,0.0019,35.32,127138.19,0.7553,1.711,1.2332,0.981868,False,Low,Very Large (>1km),78.18,23
2024002,(2024) BA2,2026-03-10 12:55:38.070567,7646085.73,19.891,0.05112,26.41,95068.3,1.3053,1.456,1.3807,1.37801,True,Minimal,Very Large (>1km),82.99,23
2024003,(2024) CA3,2026-03-10 12:55:38.070567,4760786.23,12.385,0.031829,11.99,43158.9,0.5895,1.2402,0.9149,0.40095,False,Minimal,Large (140m-1km),33.86,23
2024004,(2024) DA4,2026-03-05 12:55:38.070567,7503045.35,19.5188,0.050163,15.66,56381.33,0.1024,0.7492,0.4258,0.040431,True,Minimal,Large (140m-1km),50.06,18
2024005,(2024) EA5,2026-03-07 12:55:38.070567,858408.2,2.2331,0.005739,31.44,113175.54,0.4896,1.2046,0.8471,0.318286,False,Minimal,Large (140m-1km),46.94,20
2024006,(2024) FA6,2026-03-08 12:55:38.070567,2225001.88,5.7882,0.014876,37.27,134156.15,1.098,1.3643,1.2311,0.977055,True,Minimal,Very Large (>1km),85.3,21
2024007,(2024) GA7,2026-03-14 12:55:38.070567,5464060.07,14.2145,0.036531,26.25,94486.32,1.0465,2.0115,1.529,1.871589,False,Minimal,Very Large (>1km),57.78,27
2024008,(2024) HA8,2026-02-14 12:55:38.070567,2336117.83,6.0773,0.015619,29.74,107064.03,1.6064,1.7735,1.6899,2.526951,False,Minimal,Very Large (>1km),65.88,-1
2024009,(2024) IA9,2026-02-18 12:55:38.070567,265484.41,0.6906,0.001775,17.98,64723.1,1.2159,2.1495,1.6827,2.494683,False,Low,Very Large (>1km),86.63,3
2024010,(2024) JA10,2026-02-20 12:55:38.070567,6144798.15,15.9854,0.041083,24.64,88720.93,1.4619,2.1357,1.7988,3.047612,False,Minimal,Very Large (>1km),65.07,5
2024011,(2024) KA11,2026-02-18 12:55:38.070567,1232393.01,3.206,0.008239,24.71,88972.72,0.0905,0.8301,0.4603,0.051052,False,Minimal,Large (140m-1km),29.93,3
2024012,(2024) LA12,2026-03-10 12:55:38.070567,486680.02,1.2661,0.003254,37.54,135141.9,0.5061,0.9754,0.7408,0.212833,False,Low,Large (140m-1km),53.04,23
2024013,(2024) MA13,2026-02-14 12:55:38.070567,602130.28,1.5664,0.004026,17.47,62893.53,0.2199,0.7308,0.4754,0.056248,False,Low,Large (140m-1km),34.02,-1
2024014,(2024) NA14,2026-02-25 12:55:38.070567,970353.4,2.5243,0.006488,12.77,45985.58,0.4636,0.948,0.7058,0.184087,True,Medium,Large (140m-1km),64.21,10
2024015,(2024) OA15,2026-02-16 12:55:38.070567,689215.06,1.793,0.004608,13.64,49106.38,0.4958,0.7473,0.6215,0.125721,False,Low,Large (140m-1km),35.26,1
2024016,(2024) PA16,2026-02-15 12:55:38.070567,720866.45,1.8753,0.00482,36.79,132441.5,0.6087,0.9651,0.7869,0.255153,False,Low,Large (140m-1km),48.99,0
2024017,(2024) QA17,2026-02-15 12:55:38.070567,710492.19,1.8483,0.00475,33.11,119195.61,1.0666,1.5696,1.3181,1.198965,False,Low,Very Large (>1km),63.61,0
2024018,(2024) RA18,2026-03-04 12:55:38.070567,136144.43,0.3542,0.00091,25.68,92452.51,1.2707,1.8529,1.5618,1.994775,False,Low,Very Large (>1km),100.0,17
2024019,(2024) SA19,2026-03-10 12:55:38.070567,2226380.0,5.7918,0.014885,34.32,123551.47,1.4252,2.2537,1.8395,3.258906,False,Minimal,Very Large (>1km),72.36,23
2024020,(2024) TA20,2026-03-01 12:55:38.070567,1848942.54,4.8099,0.012362,23.54,84735.97,0.2358,1.168,0.7019,0.18108,False,Minimal,Large (140m-1km),34.63,14
2024021,(2024) UA21,2026-02-14 12:55:38.070567,6075445.7,15.805,0.040619,34.97,125896.86,1.9312,2.5336,2.2324,5.825381,False,Minimal,Very Large (>1km),82.23,-1
2024022,(2024) VA22,2026-02-27 12:55:38.070567,898606.77,2.3377,0.006008,28.22,101601.22,1.2876,1.4634,1.3755,1.362655,True,Medium,Very Large (>1km),91.11,12
2024023,(2024) WA23,2026-02-20 12:55:38.070567,1919165.92,4.9926,0.012831,31.13,112057.92,1.102,1.8247,1.4633,1.640696,False,Minimal,Very Large (>1km),60.36,5
2024024,(2024) XA24,2026-02-21 12:55:38.070567,1817121.9,4.7272,0.012149,39.26,141340.5,1.4447,1.8219,1.6333,2.281365,False,Minimal,Very Large (>1km),68.93,6
2024025,(2024) YA25,2026-03-02 12:55:38.070567,3357119.66,8.7334,0.022445,14.83,53377.32,1.266,2.0813,1.6736,2.454583,True,Minimal,Very Large (>1km),88.43,15
2024026,(2024) ZA26,2026-02-16 12:55:38.070567,6330323.35,16.4681,0.042323,16.58,59674.54,0.0968,1.0919,0.5943,0.109915,False,Minimal,Large (140m-1km),25.67,1
2024027,(2024) AB27,2026-02-16 12:55:38.070567,1322206.07,3.4397,0.00884,18.81,67731.12,1.9609,2.1287,2.0448,4.476404,False,Minimal,Very Large (>1km),74.68,1
2024028,(2024) BB28,2026-02-24 12:55:38.070567,5095842.86,13.2566,0.03407,30.93,111336.85,1.1444,1.3319,1.2382,0.993847,False,Minimal,Very Large (>1km),51.02,9
2024029,(2024) CB29,2026-03-05 12:55:38.070567,183707.1,0.4779,0.001228,5.18,18653.29,1.4207,2.0183,1.7195,2.661991,False,Low,Very Large (>1km),95.51,18
2024030,(2024) DB30,2026-03-10 12:55:38.070567,298861.62,0.7775,0.001998,25.24,90863.3,1.3034,2.0352,1.6693,2.435635,True,High,Very Large (>1km),100.0,23
2024031,(2024) EB31,2026-02-21 12:55:38.070567,1297688.18,3.3759,0.008676,23.8,85672.39,0.3185,1.3022,0.8104,0.278634,False,Minimal,Large (140m-1km),39.75,6
2024032,(2024) FB32,2026-02-26 12:55:38.070567,1030532.59,2.6809,0.00689,27.31,98316.17,1.5423,1.8365,1.6894,2.52465,False,Minimal,Very Large (>1km),69.07,11
2024033,(2024) GB33,2026-02-22 12:55:38.070567,591250.81,1.5381,0.003953,11.45,41226.04,1.9394,2.6825,2.3109,6.462017,True,Medium,Very Large (>1km),100.0,7
2024034,(2024) HB34,2026-03-14 12:55:38.070567,618024.32,1.6078,0.004132,37.71,135761.36,1.3801,1.5325,1.4563,1.61716,False,Low,Very Large (>1km),71.21,27
2024035,(2024) IB35,2026-02-18 12:55:38.070567,4222102.57,10.9836,0.028228,5.5,19813.58,1.4784,2.0773,1.7779,2.9424,True,Minimal,Very Large (>1km),87.36,3
2024036,(2024) JB36,2026-02-18 12:55:38.070567,6414521.98,16.6871,0.042886,17.12,61634.34,0.1974,0.5776,0.3875,0.030468,False,Minimal,Large (140m-1km),19.67,3
2024037,(2024) KB37,2026-02-17 12:55:38.070567,1465003.81,3.8111,0.009795,34.98,125917.72,0.803,1.4573,1.1302,0.755814,False,Minimal,Very Large (>1km),53.14,2
2024038,(2024) LB38,2026-03-14 12:55:38.070567,6616788.72,17.2133,0.044238,25.07,90244.25,1.2355,2.185,1.7103,2.61946,True,Minimal,Very Large (>1km),92.5,27
2024039,(2024) MB39,2026-03-04 12:55:38.070567,204370.71,0.5317,0.001366,8.53,30698.03,1.0958,2.0431,1.5694,2.024091,True,High,Very Large (>1km),100.0,17
2024040,(2024) NB40,2026-03-03 12:55:38.070567,582994.34,1.5166,0.003898,22.36,80500.72,1.2403,1.6432,1.4418,1.569245,False,Low,Very Large (>1km),65.38,16
2024041,(2024) OB41,2026-03-01 12:55:38.070567,3261308.65,8.4842,0.021804,33.24,119661.18,1.2616,2.1513,1.7065,2.601872,False,Minimal,Very Large (>1km),66.85,14
2024042,(2024) PB42,2026-03-15 12:55:38.070567,3590432.86,9.3404,0.024005,30.9,111228.5,0.2641,0.5891,0.4266,0.040653,False,Minimal,Large (140m-1km),27.3,28
2024043,(2024) QB43,2026-02-20 12:55:38.070567,305934.15,0.7959,0.002045,36.69,132078.13,1.8061,2.3608,2.0834,4.735262,True,High,Very Large (>1km),100.0,5
2024044,(2024) RB44,2026-03-06 12:55:38.070567,2799915.04,7.2839,0.01872,24.38,87766.58,1.914,2.6231,2.2686,6.113094,False,Minimal,Very Large (>1km),80.56,19
2024045,(2024) SB45,2026-03-03 12:55:38.070567,1038439.56,2.7015,0.006943,36.07,129850.73,1.5852,2.3959,1.9906,4.129822,False,Minimal,Very Large (>1km),81.55,16
2024046,(2024) TB46,2026-02-15 12:55:38.070567,879118.93,2.287,0.005878,18.88,67978.1,1.9376,2.6568,2.2972,6.347644,False,Minimal,Very Large (>1km),85.22,0
2024047,(2024) UB47,2026-02-19 12:55:38.070567,6680562.15,17.3792,0.044665,39.51,142236.13,0.1719,0.3482,0.2601,0.009209,False,Minimal,Large (140m-1km),24.76,4
2024048,(2024) VB48,2026-03-15 12:55:38.070567,1295633.48,3.3705,0.008662,13.88,49963.95,1.4193,1.9528,1.686,2.509546,False,Minimal,Very Large (>1km),62.07,28
2024049,(2024) WB49,2026-03-09 12:55:38.070567,5445857.35,14.1672,0.03641,18.12,65233.69,0.122,0.329,0.2255,0.006005,False,Minimal,Large (140m-1km),15.43,22
2024050,(2024) XB50,2026-02-17 12:55:38.070567,300318.48,0.7813,0.002008,37.36,134505.06,1.0615,1.5542,1.3078,1.171198,False,Low,Very Large (>1km),79.78,2
2024051,(2024) YB51,2026-03-10 12:55:38.070567,4752558.19,12.3636,0.031774,25.45,91623.6,1.1122,2.0845,1.5984,2.138057,False,Minimal,Very Large (>1km),59.75,23
2024052,(2024) ZB52,2026-03-13 12:55:38.070567,588606.69,1.5312,0.003935,27.64,99502.89,1.8314,2.7942,2.3128,6.477348,False,Low,Very Large (>1km),93.5,26
2024053,(2024) AC53,2026-03-14 12:55:38.070567,1900306.77,4.9436,0.012705,33.48,120538.17,1.1715,1.3414,1.2565,1.038582,False,Minimal,Very Large (>1km),55.13,27
2024054,(2024) BC54,2026-02-18 12:55:38.070567,332244.26,0.8643,0.002221,35.68,128459.35,0.275,0.4436,0.3593,0.024293,False,Low,Large (140m-1km),48.19,3
2024055,(2024) CC55,2026-02-26 12:55:38.070567,1163370.89,3.0265,0.007778,38.95,140209.21,0.0625,0.5013,0.2819,0.011727,False,Minimal,Large (140m-1km),30.64,11
2024056,(2024) DC56,2026-03-08 12:55:38.070567,1062388.08,2.7638,0.007103,31.25,112488.75,0.1364,0.2695,0.203,0.004377,False,Minimal,Large (140m-1km),25.82,21
2024057,(2024) EC57,2026-03-02 12:55:38.070567,3001484.31,7.8082,0.020067,26.22,94378.0,1.5403,2.4906,2.0154,4.286487,False,Minimal,Very Large (>1km),73.51,15
2024058,(2024) FC58,2026-02-25 12:55:38.070567,4869175.49,12.6669,0.032554,15.77,56779.93,1.5164,1.6586,1.5875,2.094912,False,Minimal,Very Large (>1km),55.51,10
2024059,(2024) GC59,2026-02-19 12:55:38.070567,6370246.66,16.5719,0.04259,29.64,106714.05,1.1263,2.0153,1.5708,2.029218,False,Minimal,Very Large (>1km),60.19,4
2024060,(2024) HC60,2026-02-28 12:55:38.070567,2796136.85,7.274,0.018694,24.16,86978.23,1.2384,2.2208,1.7296,2.708992,False,Minimal,Very Large (>1km),64.3,13
2024061,(2024) IC61,2026-02-15 12:55:38.070567,1158872.66,3.0148,0.007748,14.04,50538.79,0.7991,1.459,1.1291,0.753614,False,Minimal,Very Large (>1km),46.12,0
2024062,(2024) JC62,2026-03-01 12:55:38.070567,1420539.14,3.6955,0.009497,25.47,91680.53,1.2454,1.6581,1.4517,1.602008,False,Minimal,Very Large (>1km),59.15,14
2024063,(2024) KC63,2026-02-18 12:55:38.070567,897520.74,2.3349,0.006001,11.73,42228.42,1.2853,1.549,1.4172,1.490321,True,Medium,Very Large (>1km),85.77,3
2024064,(2024) LC64,2026-03-12 12:55:38.070567,4222203.77,10.9839,0.028229,9.51,34222.3,0.6967,1.1096,0.9031,0.385717,False,Minimal,Large (140m-1km),32.72,25
2024065,(2024) MC65,2026-03-02 12:55:38.070567,260138.95,0.6767,0.001739,14.69,52886.58,0.0882,0.9077,0.498,0.064654,False,Low,Large (140m-1km),50.37,15
2024066,(2024) NC66,2026-03-12 12:55:38.070567,1278671.18,3.3264,0.008549,30.22,108785.02,1.1986,2.1862,1.6924,2.538089,True,Medium,Very Large (>1km),98.87,25
2024067,(2024) OC67,2026-03-10 12:55:38.070567,1676905.48,4.3624,0.011211,23.64,85109.78,0.5123,1.2544,0.8834,0.360917,False,Minimal,Large (140m-1km),40.54,23
2024068,(2024) PC68,2026-02-23 12:55:38.070567,863030.27,2.2451,0.00577,17.0,61208.78,1.4774,1.7415,1.6095,2.182944,False,Minimal,Very Large (>1km),63.99,8
2024069,(2024) QC69,2026-02-19 12:55:38.070567,1750536.04,4.5539,0.011704,9.47,34075.12,1.5805,2.129,1.8547,3.340832,False,Minimal,Very Large (>1km),63.82,4
2024070,(2024) RC70,2026-03-01 12:55:38.070567,171677.61,0.4466,0.001148,12.89,46391.93,1.8003,2.4471,2.1237,5.01507,False,Low,Very Large (>1km),100.0,14
2024071,(2024) SC71,2026-02-19 12:55:38.070567,2167508.2,5.6387,0.014491,19.36,69710.0,0.3298,0.5977,0.4637,0.052208,False,Minimal,Large (140m-1km),25.2,4
2024072,(2024) TC72,2026-02-21 12:55:38.070567,3226048.64,8.3924,0.021569,37.53,135101.37,0.8017,1.7743,1.288,1.118769,False,Minimal,Very Large (>1km),56.03,6
2024073,(2024) UC73,2026-02-27 12:55:38.070567,3380066.48,8.7931,0.022598,23.54,84759.84,0.9585,1.8132,1.3858,1.393584,False,Minimal,Very Large (>1km),53.27,12
2024074,(2024) VC74,2026-02-25 12:55:38.070567,1677545.82,4.3641,0.011216,9.7,34936.25,0.5844,1.2075,0.8959,0.376551,True,Medium,Large (140m-1km),65.34,10
2024075,(2024) WC75,2026-03-02 12:55:38.070567,964647.24,2.5095,0.006449,26.21,94368.84,0.4114,1.1276,0.7695,0.238576,False,Minimal,Large (140m-1km),41.54,15
2024076,(2024) XC76,2026-03-13 12:55:38.070567,2294196.52,5.9683,0.015338,37.43,134732.63,1.7029,2.4743,2.0886,4.770754,False,Minimal,Very Large (>1km),80.98,26
2024077,(2024) YC77,2026-02-17 12:55:38.070567,3190412.82,8.2997,0.02133,28.28,101814.85,1.6852,1.911,1.7981,3.044156,False,Minimal,Very Large (>1km),67.67,2
2024078,(2024) ZC78,2026-02-14 12:55:38.070567,7148050.32,18.5953,0.04779,23.89,86012.41,0.6392,1.2687,0.954,0.454571,False,Minimal,Large (140m-1km),39.25,-1
2024079,(2024) AD79,2026-02-21 12:55:38.070567,680266.75,1.7697,0.004548,37.89,136418.85,0.4721,1.3817,0.9269,0.416979,False,Low,Large (140m-1km),54.27,6
2024080,(2024) BD80,2026-03-12 12:55:38.070567,5390868.61,14.0241,0.036042,31.33,112802.79,1.3905,1.6406,1.5155,1.822592,False,Minimal,Very Large (>1km),59.43,25
2024081,(2024) CD81,2026-03-09 12:55:38.070567,4147347.14,10.7891,0.027728,8.87,31939.6,1.4905,1.6206,1.5555,1.970809,False,Minimal,Very Large (>1km),52.07,22
2024082,(2024) DD82,2026-03-11 12:55:38.070567,239833.46,0.6239,0.001603,25.95,93403.78,1.2119,1.7639,1.4879,1.724746,False,Low,Very Large (>1km),87.07,24
2024083,(2024) ED83,2026-02-26 12:55:38.070567,1745895.32,4.5419,0.011673,38.15,137357.7,0.5111,0.9222,0.7166,0.192712,False,Minimal,Large (140m-1km),41.16,11
2024084,(2024) FD84,2026-02-23 12:55:38.070567,2856467.67,7.431,0.019098,32.65,117550.66,0.2868,0.4776,0.3822,0.029233,True,Minimal,Large (140m-1km),57.22,8
2024085,(2024) GD85,2026-03-11 12:55:38.070567,6829309.92,17.7662,0.045659,9.3,33474.16,1.5448,1.9818,1.7633,2.870517,False,Minimal,Very Large (>1km),57.74,24
2024086,(2024) HD86,2026-03-05 12:55:38.070567,1659044.72,4.3159,0.011092,6.92,24899.97,1.6794,1.8916,1.7855,2.980452,False,Minimal,Very Large (>1km),60.97,18
2024087,(2024) ID87,2026-02-24 12:55:38.070567,2122777.31,5.5223,0.014192,21.83,78585.46,1.5777,2.2211,1.8994,3.58783,False,Minimal,Very Large (>1km),69.33,9
2024088,(2024) JD88,2026-03-11 12:55:38.070567,1183681.62,3.0793,0.007914,32.32,116342.46,0.0754,0.9968,0.5361,0.080675,False,Minimal,Large (140m-1km),35.5,24
2024089,(2024) KD89,2026-02-14 12:55:38.070567,156382.22,0.4068,0.001046,39.89,143606.16,0.0361,0.7332,0.3846,0.029799,False,Low,Large (140m-1km),76.66,-1
2024090,(2024) LD90,2026-03-04 12:55:38.070567,4826236.41,12.5552,0.032267,18.22,65593.47,0.6268,1.0844,0.8556,0.327915,False,Minimal,Large (140m-1km),34.55,17
2024091,(2024) MD91,2026-03-14 12:55:38.070567,1554002.2,4.0427,0.01039,10.43,37560.27,0.1408,0.9387,0.5397,0.082332,False,Minimal,Large (140m-1km),25.31,27
2024092,(2024) ND92,2026-02-21 12:55:38.070567,6615714.97,17.2105,0.044231,34.39,123813.4,0.1603,0.9382,0.5492,0.08674,False,Minimal,Large (140m-1km),31.4,6
2024093,(2024) OD93,2026-02-28 12:55:38.070567,2866670.74,7.4575,0.019166,11.25,40496.63,0.0639,0.3637,0.2138,0.005118,False,Minimal,Large (140m-1km),13.6,13
2024094,(2024) PD94,2026-03-08 12:55:38.070567,7486993.57,19.4771,0.050056,9.94,35776.31,1.4444,2.2692,1.8568,3.351976,False,Minimal,Very Large (>1km),60.71,21
2024095,(2024) QD95,2026-02-28 12:55:38.070567,996696.43,2.5929,0.006664,19.75,71099.49,1.7937,1.9054,1.8496,3.312862,False,Minimal,Very Large (>1km),71.1,13
2024096,(2024) RD96,2026-03-06 12:55:38.070567,1007050.5,2.6198,0.006733,32.08,115503.15,1.2533,1.6556,1.4544,1.61088,False,Minimal,Very Large (>1km),64.1,19
2024097,(2024) SD97,2026-03-04 12:55:38.070567,4929559.74,12.824,0.032958,32.99,118781.76,0.596,1.5496,1.0728,0.646463,False,Minimal,Very Large (>1km),46.94,17
2024098,(2024) TD98,2026-02-15 12:55:38.070567,1254328.29,3.2631,0.008386,9.63,34666.8,1.0298,1.7973,1.4135,1.478877,False,Minimal,Very Large (>1km),52.39,0
2024099,(2024) UD99,2026-03-08 12:55:38.070567,1736645.27,4.5178,0.011611,27.8,100078.97,0.5519,0.6684,0.6102,0.118945,False,Minimal,Large (140m-1km),33.85,21
2024100,(2024) VD100,2026-03-02 12:55:38.070567,3655732.12,9.5102,0.024441,22.3,80278.51,0.2221,0.4481,0.3351,0.019703,False,Minimal,Large (140m-1km),21.08,15
